Series;Time;Value;;;
mysql_mysql.mean;2020-02-22T17:53:59+01:00;null;-1;;
mysql_mysql.mean;2020-02-22T17:53:59+01:00;null;-1;;
mysql_mysql.mean;2020-02-22T17:53:59+01:00;null;-1;;
mysql_mysql.mean;2020-02-22T17:53:59+01:00;null;-1;;
mysql_mysql.mean;2020-02-22T17:54:00+01:00;1426;-1;;
mysql_mysql.mean;2020-02-22T17:54:00+01:00;1427.84;-1;;
mysql_mysql.mean;2020-02-22T17:54:00+01:00;1429.68;-1;;
mysql_mysql.mean;2020-02-22T17:54:00+01:00;1431.52;-1;;
mysql_mysql.mean;2020-02-22T17:54:00+01:00;1433.36;-1;;
mysql_mysql.mean;2020-02-22T17:54:01+01:00;1435.2;-1;;
mysql_mysql.mean;2020-02-22T17:54:01+01:00;1437.04;-1;;
mysql_mysql.mean;2020-02-22T17:54:01+01:00;1438.88;-1;;
mysql_mysql.mean;2020-02-22T17:54:01+01:00;1440.72;-1;;
mysql_mysql.mean;2020-02-22T17:54:01+01:00;1442.56;-1;;
mysql_mysql.mean;2020-02-22T17:54:02+01:00;1444.4;-1;;
mysql_mysql.mean;2020-02-22T17:54:02+01:00;1446.24;-1;;
mysql_mysql.mean;2020-02-22T17:54:02+01:00;1448.08;-1;;
mysql_mysql.mean;2020-02-22T17:54:02+01:00;1449.92;-1;;
mysql_mysql.mean;2020-02-22T17:54:02+01:00;1451.76;-1;;
mysql_mysql.mean;2020-02-22T17:54:03+01:00;1453.6;-1;;
mysql_mysql.mean;2020-02-22T17:54:03+01:00;1455.44;-1;;
mysql_mysql.mean;2020-02-22T17:54:03+01:00;1457.28;-1;;
mysql_mysql.mean;2020-02-22T17:54:03+01:00;1459.12;-1;;
mysql_mysql.mean;2020-02-22T17:54:03+01:00;1460.96;-1;;
mysql_mysql.mean;2020-02-22T17:54:04+01:00;1462.8;-1;;
mysql_mysql.mean;2020-02-22T17:54:04+01:00;1464.64;-1;;
mysql_mysql.mean;2020-02-22T17:54:04+01:00;1466.48;-1;;
mysql_mysql.mean;2020-02-22T17:54:04+01:00;1468.32;-1;;
mysql_mysql.mean;2020-02-22T17:54:04+01:00;1470.16;-1;;
mysql_mysql.mean;2020-02-22T17:54:05+01:00;1472;-1;;
mysql_mysql.mean;2020-02-22T17:54:05+01:00;1473.84;-1;;
mysql_mysql.mean;2020-02-22T17:54:05+01:00;1475.68;-1;;
mysql_mysql.mean;2020-02-22T17:54:05+01:00;1477.52;-1;;
mysql_mysql.mean;2020-02-22T17:54:05+01:00;1479.36;-1;;
mysql_mysql.mean;2020-02-22T17:54:06+01:00;1481.2;-1;;
mysql_mysql.mean;2020-02-22T17:54:06+01:00;1483.04;-1;;
mysql_mysql.mean;2020-02-22T17:54:06+01:00;1484.88;-1;;
mysql_mysql.mean;2020-02-22T17:54:06+01:00;1486.72;-1;;
mysql_mysql.mean;2020-02-22T17:54:06+01:00;1488.56;-1;;
mysql_mysql.mean;2020-02-22T17:54:07+01:00;1490.4;-1;;
mysql_mysql.mean;2020-02-22T17:54:07+01:00;1492.24;-1;;
mysql_mysql.mean;2020-02-22T17:54:07+01:00;1494.08;-1;;
mysql_mysql.mean;2020-02-22T17:54:07+01:00;1495.92;-1;;
mysql_mysql.mean;2020-02-22T17:54:07+01:00;1497.76;-1;;
mysql_mysql.mean;2020-02-22T17:54:08+01:00;1499.6;-1;;
mysql_mysql.mean;2020-02-22T17:54:08+01:00;1501.44;-1;;
mysql_mysql.mean;2020-02-22T17:54:08+01:00;1503.28;-1;;
mysql_mysql.mean;2020-02-22T17:54:08+01:00;1505.12;-1;;
mysql_mysql.mean;2020-02-22T17:54:08+01:00;1506.96;-1;;
mysql_mysql.mean;2020-02-22T17:54:09+01:00;1508.8;-1;;
mysql_mysql.mean;2020-02-22T17:54:09+01:00;1510.64;-1;;
mysql_mysql.mean;2020-02-22T17:54:09+01:00;1512.48;-1;;
mysql_mysql.mean;2020-02-22T17:54:09+01:00;1514.32;-1;;
mysql_mysql.mean;2020-02-22T17:54:09+01:00;1516.16;-1;;
mysql_mysql.mean;2020-02-22T17:54:10+01:00;1518;-1;;
mysql_mysql.mean;2020-02-22T17:54:10+01:00;1519.84;-1;;
mysql_mysql.mean;2020-02-22T17:54:10+01:00;1521.68;-1;;
mysql_mysql.mean;2020-02-22T17:54:10+01:00;1523.52;-1;;
mysql_mysql.mean;2020-02-22T17:54:10+01:00;1525.36;-1;;
mysql_mysql.mean;2020-02-22T17:54:11+01:00;1527.2;-1;;
mysql_mysql.mean;2020-02-22T17:54:11+01:00;1529.04;-1;;
mysql_mysql.mean;2020-02-22T17:54:11+01:00;1530.88;-1;;
mysql_mysql.mean;2020-02-22T17:54:11+01:00;1532.72;-1;;
mysql_mysql.mean;2020-02-22T17:54:11+01:00;1534.56;-1;;
mysql_mysql.mean;2020-02-22T17:54:12+01:00;1536.4;-1;;
mysql_mysql.mean;2020-02-22T17:54:12+01:00;1538.24;-1;;
mysql_mysql.mean;2020-02-22T17:54:12+01:00;1540.08;-1;;
mysql_mysql.mean;2020-02-22T17:54:12+01:00;1541.92;-1;;
mysql_mysql.mean;2020-02-22T17:54:12+01:00;1543.76;-1;;
mysql_mysql.mean;2020-02-22T17:54:13+01:00;1545.6;-1;;
mysql_mysql.mean;2020-02-22T17:54:13+01:00;1547.44;-1;;
mysql_mysql.mean;2020-02-22T17:54:13+01:00;1549.28;-1;;
mysql_mysql.mean;2020-02-22T17:54:13+01:00;1551.12;-1;;
mysql_mysql.mean;2020-02-22T17:54:13+01:00;1552.96;-1;;
mysql_mysql.mean;2020-02-22T17:54:14+01:00;1554.8;-1;;
mysql_mysql.mean;2020-02-22T17:54:14+01:00;1556.64;-1;;
mysql_mysql.mean;2020-02-22T17:54:14+01:00;1558.48;-1;;
mysql_mysql.mean;2020-02-22T17:54:14+01:00;1560.32;-1;;
mysql_mysql.mean;2020-02-22T17:54:14+01:00;1562.16;-1;;
mysql_mysql.mean;2020-02-22T17:54:15+01:00;1564;-1;;
mysql_mysql.mean;2020-02-22T17:54:15+01:00;1565.84;-1;;
mysql_mysql.mean;2020-02-22T17:54:15+01:00;1567.68;-1;;
mysql_mysql.mean;2020-02-22T17:54:15+01:00;1569.52;-1;;
mysql_mysql.mean;2020-02-22T17:54:15+01:00;1571.36;-1;;
mysql_mysql.mean;2020-02-22T17:54:16+01:00;1573.2;-1;;
mysql_mysql.mean;2020-02-22T17:54:16+01:00;1575.04;-1;;
mysql_mysql.mean;2020-02-22T17:54:16+01:00;1576.88;-1;;
mysql_mysql.mean;2020-02-22T17:54:16+01:00;1578.72;-1;;
mysql_mysql.mean;2020-02-22T17:54:16+01:00;1580.56;-1;;
mysql_mysql.mean;2020-02-22T17:54:17+01:00;1582.4;-1;;
mysql_mysql.mean;2020-02-22T17:54:17+01:00;1584.24;-1;;
mysql_mysql.mean;2020-02-22T17:54:17+01:00;1586.08;-1;;
mysql_mysql.mean;2020-02-22T17:54:17+01:00;1587.92;-1;;
mysql_mysql.mean;2020-02-22T17:54:17+01:00;1589.76;-1;;
mysql_mysql.mean;2020-02-22T17:54:18+01:00;1591.6;-1;;
mysql_mysql.mean;2020-02-22T17:54:18+01:00;1593.44;-1;;
mysql_mysql.mean;2020-02-22T17:54:18+01:00;1595.28;-1;;
mysql_mysql.mean;2020-02-22T17:54:18+01:00;1597.12;-1;;
mysql_mysql.mean;2020-02-22T17:54:18+01:00;1598.96;-1;;
mysql_mysql.mean;2020-02-22T17:54:19+01:00;1600.8;-1;;
mysql_mysql.mean;2020-02-22T17:54:19+01:00;1602.64;-1;;
mysql_mysql.mean;2020-02-22T17:54:19+01:00;1604.48;-1;;
mysql_mysql.mean;2020-02-22T17:54:19+01:00;1606.32;-1;;
mysql_mysql.mean;2020-02-22T17:54:19+01:00;1608.16;-1;;
mysql_mysql.mean;2020-02-22T17:54:20+01:00;1610;-1;;
mysql_mysql.mean;2020-02-22T17:54:20+01:00;1611.84;-1;;
mysql_mysql.mean;2020-02-22T17:54:20+01:00;1613.68;-1;;
mysql_mysql.mean;2020-02-22T17:54:20+01:00;1615.52;-1;;
mysql_mysql.mean;2020-02-22T17:54:20+01:00;1617.36;-1;;
mysql_mysql.mean;2020-02-22T17:54:21+01:00;1619.2;-1;;
mysql_mysql.mean;2020-02-22T17:54:21+01:00;1621.04;-1;;
mysql_mysql.mean;2020-02-22T17:54:21+01:00;1622.88;-1;;
mysql_mysql.mean;2020-02-22T17:54:21+01:00;1624.72;-1;;
mysql_mysql.mean;2020-02-22T17:54:21+01:00;1626.56;-1;;
mysql_mysql.mean;2020-02-22T17:54:22+01:00;1628.4;-1;;
mysql_mysql.mean;2020-02-22T17:54:22+01:00;1630.24;-1;;
mysql_mysql.mean;2020-02-22T17:54:22+01:00;1632.08;-1;;
mysql_mysql.mean;2020-02-22T17:54:22+01:00;1633.92;-1;;
mysql_mysql.mean;2020-02-22T17:54:22+01:00;1635.76;-1;;
mysql_mysql.mean;2020-02-22T17:54:23+01:00;1637.6;-1;;
mysql_mysql.mean;2020-02-22T17:54:23+01:00;1639.44;-1;;
mysql_mysql.mean;2020-02-22T17:54:23+01:00;1641.28;-1;;
mysql_mysql.mean;2020-02-22T17:54:23+01:00;1643.12;-1;;
mysql_mysql.mean;2020-02-22T17:54:23+01:00;1644.96;-1;;
mysql_mysql.mean;2020-02-22T17:54:24+01:00;1646.8;-1;;
mysql_mysql.mean;2020-02-22T17:54:24+01:00;1648.64;-1;;
mysql_mysql.mean;2020-02-22T17:54:24+01:00;1650.48;-1;;
mysql_mysql.mean;2020-02-22T17:54:24+01:00;1652.32;-1;;
mysql_mysql.mean;2020-02-22T17:54:24+01:00;1654.16;-1;;
mysql_mysql.mean;2020-02-22T17:54:25+01:00;1656;-1;;
mysql_mysql.mean;2020-02-22T17:54:25+01:00;1657.84;-1;;
mysql_mysql.mean;2020-02-22T17:54:25+01:00;1659.68;-1;;
mysql_mysql.mean;2020-02-22T17:54:25+01:00;1661.52;-1;;
mysql_mysql.mean;2020-02-22T17:54:25+01:00;1663.36;-1;;
mysql_mysql.mean;2020-02-22T17:54:26+01:00;1665.2;-1;;
mysql_mysql.mean;2020-02-22T17:54:26+01:00;1667.04;-1;;
mysql_mysql.mean;2020-02-22T17:54:26+01:00;1668.88;-1;;
mysql_mysql.mean;2020-02-22T17:54:26+01:00;1670.72;-1;;
mysql_mysql.mean;2020-02-22T17:54:26+01:00;1672.56;-1;;
mysql_mysql.mean;2020-02-22T17:54:27+01:00;1674.4;-1;;
mysql_mysql.mean;2020-02-22T17:54:27+01:00;1676.24;-1;;
mysql_mysql.mean;2020-02-22T17:54:27+01:00;1678.08;-1;;
mysql_mysql.mean;2020-02-22T17:54:27+01:00;1679.92;-1;;
mysql_mysql.mean;2020-02-22T17:54:27+01:00;1681.76;-1;;
mysql_mysql.mean;2020-02-22T17:54:28+01:00;1683.6;-1;;
mysql_mysql.mean;2020-02-22T17:54:28+01:00;1685.44;-1;;
mysql_mysql.mean;2020-02-22T17:54:28+01:00;1687.28;-1;;
mysql_mysql.mean;2020-02-22T17:54:28+01:00;1689.12;-1;;
mysql_mysql.mean;2020-02-22T17:54:28+01:00;1690.96;-1;;
mysql_mysql.mean;2020-02-22T17:54:29+01:00;1692.8;-1;;
mysql_mysql.mean;2020-02-22T17:54:29+01:00;1694.64;-1;;
mysql_mysql.mean;2020-02-22T17:54:29+01:00;1696.48;-1;;
mysql_mysql.mean;2020-02-22T17:54:29+01:00;1698.32;-1;;
mysql_mysql.mean;2020-02-22T17:54:29+01:00;1700.16;-1;;
mysql_mysql.mean;2020-02-22T17:54:30+01:00;1702;-1;;
mysql_mysql.mean;2020-02-22T17:54:30+01:00;1703.84;-1;;
mysql_mysql.mean;2020-02-22T17:54:30+01:00;1705.68;-1;;
mysql_mysql.mean;2020-02-22T17:54:30+01:00;1707.52;-1;;
mysql_mysql.mean;2020-02-22T17:54:30+01:00;1709.36;-1;;
mysql_mysql.mean;2020-02-22T17:54:31+01:00;1711.2;-1;;
mysql_mysql.mean;2020-02-22T17:54:31+01:00;1713.04;-1;;
mysql_mysql.mean;2020-02-22T17:54:31+01:00;1714.88;-1;;
mysql_mysql.mean;2020-02-22T17:54:31+01:00;1716.72;-1;;
mysql_mysql.mean;2020-02-22T17:54:31+01:00;1718.56;-1;;
mysql_mysql.mean;2020-02-22T17:54:32+01:00;1720.4;-1;;
mysql_mysql.mean;2020-02-22T17:54:32+01:00;1722.24;-1;;
mysql_mysql.mean;2020-02-22T17:54:32+01:00;1724.08;-1;;
mysql_mysql.mean;2020-02-22T17:54:32+01:00;1725.92;-1;;
mysql_mysql.mean;2020-02-22T17:54:32+01:00;1727.76;-1;;
mysql_mysql.mean;2020-02-22T17:54:33+01:00;1729.6;-1;;
mysql_mysql.mean;2020-02-22T17:54:33+01:00;1731.44;-1;;
mysql_mysql.mean;2020-02-22T17:54:33+01:00;1733.28;-1;;
mysql_mysql.mean;2020-02-22T17:54:33+01:00;1735.12;-1;;
mysql_mysql.mean;2020-02-22T17:54:33+01:00;1736.96;-1;;
mysql_mysql.mean;2020-02-22T17:54:34+01:00;1738.8;-1;;
mysql_mysql.mean;2020-02-22T17:54:34+01:00;1740.64;-1;;
mysql_mysql.mean;2020-02-22T17:54:34+01:00;1742.48;-1;;
mysql_mysql.mean;2020-02-22T17:54:34+01:00;1744.32;-1;;
mysql_mysql.mean;2020-02-22T17:54:34+01:00;1746.16;-1;;
mysql_mysql.mean;2020-02-22T17:54:35+01:00;1748;-1;;
mysql_mysql.mean;2020-02-22T17:54:35+01:00;1749.84;-1;;
mysql_mysql.mean;2020-02-22T17:54:35+01:00;1751.68;-1;;
mysql_mysql.mean;2020-02-22T17:54:35+01:00;1753.52;-1;;
mysql_mysql.mean;2020-02-22T17:54:35+01:00;1755.36;-1;;
mysql_mysql.mean;2020-02-22T17:54:36+01:00;1757.2;-1;;
mysql_mysql.mean;2020-02-22T17:54:36+01:00;1759.04;-1;;
mysql_mysql.mean;2020-02-22T17:54:36+01:00;1760.88;-1;;
mysql_mysql.mean;2020-02-22T17:54:36+01:00;1762.72;-1;;
mysql_mysql.mean;2020-02-22T17:54:36+01:00;1764.56;-1;;
mysql_mysql.mean;2020-02-22T17:54:37+01:00;1766.4;-1;;
mysql_mysql.mean;2020-02-22T17:54:37+01:00;1768.24;-1;;
mysql_mysql.mean;2020-02-22T17:54:37+01:00;1770.08;-1;;
mysql_mysql.mean;2020-02-22T17:54:37+01:00;1771.92;-1;;
mysql_mysql.mean;2020-02-22T17:54:37+01:00;1773.76;-1;;
mysql_mysql.mean;2020-02-22T17:54:38+01:00;1775.6;-1;;
mysql_mysql.mean;2020-02-22T17:54:38+01:00;1777.44;-1;;
mysql_mysql.mean;2020-02-22T17:54:38+01:00;1779.28;-1;;
mysql_mysql.mean;2020-02-22T17:54:38+01:00;1781.12;-1;;
mysql_mysql.mean;2020-02-22T17:54:38+01:00;1782.96;-1;;
mysql_mysql.mean;2020-02-22T17:54:39+01:00;1784.8;-1;;
mysql_mysql.mean;2020-02-22T17:54:39+01:00;1786.64;-1;;
mysql_mysql.mean;2020-02-22T17:54:39+01:00;1788.48;-1;;
mysql_mysql.mean;2020-02-22T17:54:39+01:00;1790.32;-1;;
mysql_mysql.mean;2020-02-22T17:54:39+01:00;1792.16;-1;;
mysql_mysql.mean;2020-02-22T17:54:40+01:00;1794;-1;;
mysql_mysql.mean;2020-02-22T17:54:40+01:00;1795.84;-1;;
mysql_mysql.mean;2020-02-22T17:54:40+01:00;1797.68;-1;;
mysql_mysql.mean;2020-02-22T17:54:40+01:00;1799.52;-1;;
mysql_mysql.mean;2020-02-22T17:54:40+01:00;1801.36;1;;
mysql_mysql.mean;2020-02-22T17:54:41+01:00;1803.2;1;;
mysql_mysql.mean;2020-02-22T17:54:41+01:00;1805.04;1;;
mysql_mysql.mean;2020-02-22T17:54:41+01:00;1806.88;1;;
mysql_mysql.mean;2020-02-22T17:54:41+01:00;1808.72;1;;
mysql_mysql.mean;2020-02-22T17:54:41+01:00;1810.56;1;;
mysql_mysql.mean;2020-02-22T17:54:42+01:00;1812.4;1;;
mysql_mysql.mean;2020-02-22T17:54:42+01:00;1814.24;1;;
mysql_mysql.mean;2020-02-22T17:54:42+01:00;1816.08;1;;
mysql_mysql.mean;2020-02-22T17:54:42+01:00;1817.92;1;;
mysql_mysql.mean;2020-02-22T17:54:42+01:00;1819.76;1;;
mysql_mysql.mean;2020-02-22T17:54:43+01:00;1821.6;1;;
mysql_mysql.mean;2020-02-22T17:54:43+01:00;1823.44;1;;
mysql_mysql.mean;2020-02-22T17:54:43+01:00;1825.28;1;;
mysql_mysql.mean;2020-02-22T17:54:43+01:00;1827.12;1;;
mysql_mysql.mean;2020-02-22T17:54:43+01:00;1828.96;1;;
mysql_mysql.mean;2020-02-22T17:54:44+01:00;1830.8;1;;
mysql_mysql.mean;2020-02-22T17:54:44+01:00;1832.64;1;;
mysql_mysql.mean;2020-02-22T17:54:44+01:00;1834.48;1;;
mysql_mysql.mean;2020-02-22T17:54:44+01:00;1836.32;1;;
mysql_mysql.mean;2020-02-22T17:54:44+01:00;1838.16;1;;
mysql_mysql.mean;2020-02-22T17:54:45+01:00;1840;1;;
mysql_mysql.mean;2020-02-22T17:54:45+01:00;1841.84;1;;
mysql_mysql.mean;2020-02-22T17:54:45+01:00;1843.68;1;;
mysql_mysql.mean;2020-02-22T17:54:45+01:00;1845.52;1;;
mysql_mysql.mean;2020-02-22T17:54:45+01:00;1847.36;1;;
mysql_mysql.mean;2020-02-22T17:54:46+01:00;1849.2;1;;
mysql_mysql.mean;2020-02-22T17:54:46+01:00;1851.04;1;;
mysql_mysql.mean;2020-02-22T17:54:46+01:00;1852.88;1;;
mysql_mysql.mean;2020-02-22T17:54:46+01:00;1854.72;1;;
mysql_mysql.mean;2020-02-22T17:54:46+01:00;1856.56;1;;
mysql_mysql.mean;2020-02-22T17:54:47+01:00;1858.4;1;;
mysql_mysql.mean;2020-02-22T17:54:47+01:00;1860.24;1;;
mysql_mysql.mean;2020-02-22T17:54:47+01:00;1862.08;1;;
mysql_mysql.mean;2020-02-22T17:54:47+01:00;1863.92;1;;
mysql_mysql.mean;2020-02-22T17:54:47+01:00;1865.76;1;;
mysql_mysql.mean;2020-02-22T17:54:48+01:00;1867.6;1;;
mysql_mysql.mean;2020-02-22T17:54:48+01:00;1869.44;1;;
mysql_mysql.mean;2020-02-22T17:54:48+01:00;1871.28;1;;
mysql_mysql.mean;2020-02-22T17:54:48+01:00;1873.12;1;;
mysql_mysql.mean;2020-02-22T17:54:48+01:00;1874.96;1;;
mysql_mysql.mean;2020-02-22T17:54:49+01:00;1876.8;1;;
mysql_mysql.mean;2020-02-22T17:54:49+01:00;1878.64;1;;
mysql_mysql.mean;2020-02-22T17:54:49+01:00;1880.48;1;;
mysql_mysql.mean;2020-02-22T17:54:49+01:00;1882.32;1;;
mysql_mysql.mean;2020-02-22T17:54:49+01:00;1884.16;1;;
mysql_mysql.mean;2020-02-22T17:54:50+01:00;1886;1;;
mysql_mysql.mean;2020-02-22T17:54:50+01:00;1911.1;1;;
mysql_mysql.mean;2020-02-22T17:54:50+01:00;1936.2;1;;
mysql_mysql.mean;2020-02-22T17:54:50+01:00;1961.3;1;;
mysql_mysql.mean;2020-02-22T17:54:50+01:00;1986.4;1;;
mysql_mysql.mean;2020-02-22T17:54:51+01:00;2011.5;1;;
mysql_mysql.mean;2020-02-22T17:54:51+01:00;2036.6;1;;
mysql_mysql.mean;2020-02-22T17:54:51+01:00;2061.7;1;;
mysql_mysql.mean;2020-02-22T17:54:51+01:00;2086.8;1;;
mysql_mysql.mean;2020-02-22T17:54:51+01:00;2111.9;1;;
mysql_mysql.mean;2020-02-22T17:54:52+01:00;2137;1;;
mysql_mysql.mean;2020-02-22T17:54:52+01:00;2162.1;1;;
mysql_mysql.mean;2020-02-22T17:54:52+01:00;2187.2;1;;
mysql_mysql.mean;2020-02-22T17:54:52+01:00;2212.3;1;;
mysql_mysql.mean;2020-02-22T17:54:52+01:00;2237.4;1;;
mysql_mysql.mean;2020-02-22T17:54:53+01:00;2262.5;1;;
mysql_mysql.mean;2020-02-22T17:54:53+01:00;2287.6;1;;
mysql_mysql.mean;2020-02-22T17:54:53+01:00;2312.7;1;;
mysql_mysql.mean;2020-02-22T17:54:53+01:00;2337.8;1;;
mysql_mysql.mean;2020-02-22T17:54:53+01:00;2362.9;1;;
mysql_mysql.mean;2020-02-22T17:54:54+01:00;2388;1;;
mysql_mysql.mean;2020-02-22T17:54:54+01:00;2413.1;1;;
mysql_mysql.mean;2020-02-22T17:54:54+01:00;2438.2;1;;
mysql_mysql.mean;2020-02-22T17:54:54+01:00;2463.3;1;;
mysql_mysql.mean;2020-02-22T17:54:54+01:00;2488.4;1;;
mysql_mysql.mean;2020-02-22T17:54:55+01:00;2513.5;1;;
mysql_mysql.mean;2020-02-22T17:54:55+01:00;2538.6;1;;
mysql_mysql.mean;2020-02-22T17:54:55+01:00;2563.7;1;;
mysql_mysql.mean;2020-02-22T17:54:55+01:00;2588.8;1;;
mysql_mysql.mean;2020-02-22T17:54:55+01:00;2613.9;1;;
mysql_mysql.mean;2020-02-22T17:54:56+01:00;2639;1;;
mysql_mysql.mean;2020-02-22T17:54:56+01:00;2664.1;1;;
mysql_mysql.mean;2020-02-22T17:54:56+01:00;2689.2;1;;
mysql_mysql.mean;2020-02-22T17:54:56+01:00;2714.3;1;;
mysql_mysql.mean;2020-02-22T17:54:56+01:00;2739.4;1;;
mysql_mysql.mean;2020-02-22T17:54:57+01:00;2764.5;1;;
mysql_mysql.mean;2020-02-22T17:54:57+01:00;2789.6;1;;
mysql_mysql.mean;2020-02-22T17:54:57+01:00;2814.7;1;;
mysql_mysql.mean;2020-02-22T17:54:57+01:00;2839.8;1;;
mysql_mysql.mean;2020-02-22T17:54:57+01:00;2864.9;1;;
mysql_mysql.mean;2020-02-22T17:54:58+01:00;2890;1;;
mysql_mysql.mean;2020-02-22T17:54:58+01:00;2915.1;-1;;
mysql_mysql.mean;2020-02-22T17:54:58+01:00;2940.2;1;;
mysql_mysql.mean;2020-02-22T17:54:58+01:00;2965.3;1;;
mysql_mysql.mean;2020-02-22T17:54:58+01:00;2990.4;1;;
mysql_mysql.mean;2020-02-22T17:54:59+01:00;3015.5;1;;
mysql_mysql.mean;2020-02-22T17:54:59+01:00;3040.6;-1;;
mysql_mysql.mean;2020-02-22T17:54:59+01:00;3065.7;1;;
mysql_mysql.mean;2020-02-22T17:54:59+01:00;3090.8;1;;
mysql_mysql.mean;2020-02-22T17:54:59+01:00;3115.9;1;;
mysql_mysql.mean;2020-02-22T17:55:00+01:00;3141;1;;
mysql_mysql.mean;2020-02-22T17:55:00+01:00;3142.84;1;;
mysql_mysql.mean;2020-02-22T17:55:00+01:00;3144.68;1;;
mysql_mysql.mean;2020-02-22T17:55:00+01:00;3146.52;1;;
mysql_mysql.mean;2020-02-22T17:55:00+01:00;3148.36;1;;
mysql_mysql.mean;2020-02-22T17:55:01+01:00;3150.2;1;;
mysql_mysql.mean;2020-02-22T17:55:01+01:00;3152.04;1;;
mysql_mysql.mean;2020-02-22T17:55:01+01:00;3153.88;1;;
mysql_mysql.mean;2020-02-22T17:55:01+01:00;3155.72;1;;
mysql_mysql.mean;2020-02-22T17:55:01+01:00;3157.56;1;;
mysql_mysql.mean;2020-02-22T17:55:02+01:00;3159.4;1;;
mysql_mysql.mean;2020-02-22T17:55:02+01:00;3161.24;1;;
mysql_mysql.mean;2020-02-22T17:55:02+01:00;3163.08;1;;
mysql_mysql.mean;2020-02-22T17:55:02+01:00;3164.92;1;;
mysql_mysql.mean;2020-02-22T17:55:02+01:00;3166.76;1;;
mysql_mysql.mean;2020-02-22T17:55:03+01:00;3168.6;1;;
mysql_mysql.mean;2020-02-22T17:55:03+01:00;3170.44;1;;
mysql_mysql.mean;2020-02-22T17:55:03+01:00;3172.28;1;;
mysql_mysql.mean;2020-02-22T17:55:03+01:00;3174.12;1;;
mysql_mysql.mean;2020-02-22T17:55:03+01:00;3175.96;1;;
mysql_mysql.mean;2020-02-22T17:55:04+01:00;3177.8;1;;
mysql_mysql.mean;2020-02-22T17:55:04+01:00;3179.64;1;;
mysql_mysql.mean;2020-02-22T17:55:04+01:00;3181.48;1;;
mysql_mysql.mean;2020-02-22T17:55:04+01:00;3183.32;1;;
mysql_mysql.mean;2020-02-22T17:55:04+01:00;3185.16;1;;
mysql_mysql.mean;2020-02-22T17:55:05+01:00;3187;1;;
mysql_mysql.mean;2020-02-22T17:55:05+01:00;3188.84;1;;
mysql_mysql.mean;2020-02-22T17:55:05+01:00;3190.68;1;;
mysql_mysql.mean;2020-02-22T17:55:05+01:00;3192.52;1;;
mysql_mysql.mean;2020-02-22T17:55:05+01:00;3194.36;1;;
mysql_mysql.mean;2020-02-22T17:55:06+01:00;3196.2;1;;
mysql_mysql.mean;2020-02-22T17:55:06+01:00;3198.04;1;;
mysql_mysql.mean;2020-02-22T17:55:06+01:00;3199.88;1;;
mysql_mysql.mean;2020-02-22T17:55:06+01:00;3201.72;1;;
mysql_mysql.mean;2020-02-22T17:55:06+01:00;3203.56;1;;
mysql_mysql.mean;2020-02-22T17:55:07+01:00;3205.4;1;;
mysql_mysql.mean;2020-02-22T17:55:07+01:00;3207.24;1;;
mysql_mysql.mean;2020-02-22T17:55:07+01:00;3209.08;1;;
mysql_mysql.mean;2020-02-22T17:55:07+01:00;3210.92;1;;
mysql_mysql.mean;2020-02-22T17:55:07+01:00;3212.76;1;;
mysql_mysql.mean;2020-02-22T17:55:08+01:00;3214.6;1;;
mysql_mysql.mean;2020-02-22T17:55:08+01:00;3216.44;1;;
mysql_mysql.mean;2020-02-22T17:55:08+01:00;3218.28;1;;
mysql_mysql.mean;2020-02-22T17:55:08+01:00;3220.12;1;;
mysql_mysql.mean;2020-02-22T17:55:08+01:00;3221.96;1;;
mysql_mysql.mean;2020-02-22T17:55:09+01:00;3223.8;1;;
mysql_mysql.mean;2020-02-22T17:55:09+01:00;3225.64;1;;
mysql_mysql.mean;2020-02-22T17:55:09+01:00;3227.48;1;;
mysql_mysql.mean;2020-02-22T17:55:09+01:00;3229.32;1;;
mysql_mysql.mean;2020-02-22T17:55:09+01:00;3231.16;1;;
mysql_mysql.mean;2020-02-22T17:55:10+01:00;3233;1;;
mysql_mysql.mean;2020-02-22T17:55:10+01:00;3234.84;1;;
mysql_mysql.mean;2020-02-22T17:55:10+01:00;3236.68;1;;
mysql_mysql.mean;2020-02-22T17:55:10+01:00;3238.52;1;;
mysql_mysql.mean;2020-02-22T17:55:10+01:00;3240.36;1;;
mysql_mysql.mean;2020-02-22T17:55:11+01:00;3242.2;1;;
mysql_mysql.mean;2020-02-22T17:55:11+01:00;3244.04;1;;
mysql_mysql.mean;2020-02-22T17:55:11+01:00;3245.88;1;;
mysql_mysql.mean;2020-02-22T17:55:11+01:00;3247.72;1;;
mysql_mysql.mean;2020-02-22T17:55:11+01:00;3249.56;1;;
mysql_mysql.mean;2020-02-22T17:55:12+01:00;3251.4;1;;
mysql_mysql.mean;2020-02-22T17:55:12+01:00;3253.24;1;;
mysql_mysql.mean;2020-02-22T17:55:12+01:00;3255.08;1;;
mysql_mysql.mean;2020-02-22T17:55:12+01:00;3256.92;1;;
mysql_mysql.mean;2020-02-22T17:55:12+01:00;3258.76;1;;
mysql_mysql.mean;2020-02-22T17:55:13+01:00;3260.6;1;;
mysql_mysql.mean;2020-02-22T17:55:13+01:00;3262.44;1;;
mysql_mysql.mean;2020-02-22T17:55:13+01:00;3264.28;1;;
mysql_mysql.mean;2020-02-22T17:55:13+01:00;3266.12;1;;
mysql_mysql.mean;2020-02-22T17:55:13+01:00;3267.96;1;;
mysql_mysql.mean;2020-02-22T17:55:14+01:00;3269.8;1;;
mysql_mysql.mean;2020-02-22T17:55:14+01:00;3271.64;1;;
mysql_mysql.mean;2020-02-22T17:55:14+01:00;3273.48;1;;
mysql_mysql.mean;2020-02-22T17:55:14+01:00;3275.32;1;;
mysql_mysql.mean;2020-02-22T17:55:14+01:00;3277.16;1;;
mysql_mysql.mean;2020-02-22T17:55:15+01:00;3279;1;;
mysql_mysql.mean;2020-02-22T17:55:15+01:00;3280.84;1;;
mysql_mysql.mean;2020-02-22T17:55:15+01:00;3282.68;1;;
mysql_mysql.mean;2020-02-22T17:55:15+01:00;3284.52;1;;
mysql_mysql.mean;2020-02-22T17:55:15+01:00;3286.36;1;;
mysql_mysql.mean;2020-02-22T17:55:16+01:00;3288.2;1;;
mysql_mysql.mean;2020-02-22T17:55:16+01:00;3290.04;1;;
mysql_mysql.mean;2020-02-22T17:55:16+01:00;3291.88;1;;
mysql_mysql.mean;2020-02-22T17:55:16+01:00;3293.72;1;;
mysql_mysql.mean;2020-02-22T17:55:16+01:00;3295.56;1;;
mysql_mysql.mean;2020-02-22T17:55:17+01:00;3297.4;1;;
mysql_mysql.mean;2020-02-22T17:55:17+01:00;3299.24;1;;
mysql_mysql.mean;2020-02-22T17:55:17+01:00;3301.08;1;;
mysql_mysql.mean;2020-02-22T17:55:17+01:00;3302.92;1;;
mysql_mysql.mean;2020-02-22T17:55:17+01:00;3304.76;1;;
mysql_mysql.mean;2020-02-22T17:55:18+01:00;3306.6;1;;
mysql_mysql.mean;2020-02-22T17:55:18+01:00;3308.44;1;;
mysql_mysql.mean;2020-02-22T17:55:18+01:00;3310.28;1;;
mysql_mysql.mean;2020-02-22T17:55:18+01:00;3312.12;1;;
mysql_mysql.mean;2020-02-22T17:55:18+01:00;3313.96;1;;
mysql_mysql.mean;2020-02-22T17:55:19+01:00;3315.8;1;;
mysql_mysql.mean;2020-02-22T17:55:19+01:00;3317.64;1;;
mysql_mysql.mean;2020-02-22T17:55:19+01:00;3319.48;1;;
mysql_mysql.mean;2020-02-22T17:55:19+01:00;3321.32;1;;
mysql_mysql.mean;2020-02-22T17:55:19+01:00;3323.16;1;;
mysql_mysql.mean;2020-02-22T17:55:20+01:00;3325;1;;
mysql_mysql.mean;2020-02-22T17:55:20+01:00;3328.52;1;;
mysql_mysql.mean;2020-02-22T17:55:20+01:00;3332.04;1;;
mysql_mysql.mean;2020-02-22T17:55:20+01:00;3335.56;1;;
mysql_mysql.mean;2020-02-22T17:55:20+01:00;3339.08;1;;
mysql_mysql.mean;2020-02-22T17:55:21+01:00;3342.6;1;;
mysql_mysql.mean;2020-02-22T17:55:21+01:00;3346.12;1;;
mysql_mysql.mean;2020-02-22T17:55:21+01:00;3349.64;1;;
mysql_mysql.mean;2020-02-22T17:55:21+01:00;3353.16;1;;
mysql_mysql.mean;2020-02-22T17:55:21+01:00;3356.68;1;;
mysql_mysql.mean;2020-02-22T17:55:22+01:00;3360.2;1;;
mysql_mysql.mean;2020-02-22T17:55:22+01:00;3363.72;1;;
mysql_mysql.mean;2020-02-22T17:55:22+01:00;3367.24;1;;
mysql_mysql.mean;2020-02-22T17:55:22+01:00;3370.76;1;;
mysql_mysql.mean;2020-02-22T17:55:22+01:00;3374.28;1;;
mysql_mysql.mean;2020-02-22T17:55:23+01:00;3377.8;1;;
mysql_mysql.mean;2020-02-22T17:55:23+01:00;3381.32;1;;
mysql_mysql.mean;2020-02-22T17:55:23+01:00;3384.84;1;;
mysql_mysql.mean;2020-02-22T17:55:23+01:00;3388.36;1;;
mysql_mysql.mean;2020-02-22T17:55:23+01:00;3391.88;1;;
mysql_mysql.mean;2020-02-22T17:55:24+01:00;3395.4;1;;
mysql_mysql.mean;2020-02-22T17:55:24+01:00;3398.92;1;;
mysql_mysql.mean;2020-02-22T17:55:24+01:00;3402.44;1;;
mysql_mysql.mean;2020-02-22T17:55:24+01:00;3405.96;1;;
mysql_mysql.mean;2020-02-22T17:55:24+01:00;3409.48;1;;
mysql_mysql.mean;2020-02-22T17:55:25+01:00;3413;1;;
mysql_mysql.mean;2020-02-22T17:55:25+01:00;3416.52;1;;
mysql_mysql.mean;2020-02-22T17:55:25+01:00;3420.04;1;;
mysql_mysql.mean;2020-02-22T17:55:25+01:00;3423.56;1;;
mysql_mysql.mean;2020-02-22T17:55:25+01:00;3427.08;1;;
mysql_mysql.mean;2020-02-22T17:55:26+01:00;3430.6;1;;
mysql_mysql.mean;2020-02-22T17:55:26+01:00;3434.12;1;;
mysql_mysql.mean;2020-02-22T17:55:26+01:00;3437.64;1;;
mysql_mysql.mean;2020-02-22T17:55:26+01:00;3441.16;1;;
mysql_mysql.mean;2020-02-22T17:55:26+01:00;3444.68;1;;
mysql_mysql.mean;2020-02-22T17:55:27+01:00;3448.2;1;;
mysql_mysql.mean;2020-02-22T17:55:27+01:00;3451.72;1;;
mysql_mysql.mean;2020-02-22T17:55:27+01:00;3455.24;1;;
mysql_mysql.mean;2020-02-22T17:55:27+01:00;3458.76;1;;
mysql_mysql.mean;2020-02-22T17:55:27+01:00;3462.28;1;;
mysql_mysql.mean;2020-02-22T17:55:28+01:00;3465.8;1;;
mysql_mysql.mean;2020-02-22T17:55:28+01:00;3469.32;1;;
mysql_mysql.mean;2020-02-22T17:55:28+01:00;3472.84;1;;
mysql_mysql.mean;2020-02-22T17:55:28+01:00;3476.36;1;;
mysql_mysql.mean;2020-02-22T17:55:28+01:00;3479.88;1;;
mysql_mysql.mean;2020-02-22T17:55:29+01:00;3483.4;1;;
mysql_mysql.mean;2020-02-22T17:55:29+01:00;3486.92;1;;
mysql_mysql.mean;2020-02-22T17:55:29+01:00;3490.44;1;;
mysql_mysql.mean;2020-02-22T17:55:29+01:00;3493.96;1;;
mysql_mysql.mean;2020-02-22T17:55:29+01:00;3497.48;1;;
mysql_mysql.mean;2020-02-22T17:55:30+01:00;3501;1;;
mysql_mysql.mean;2020-02-22T17:55:30+01:00;3502.84;1;;
mysql_mysql.mean;2020-02-22T17:55:30+01:00;3504.68;1;;
mysql_mysql.mean;2020-02-22T17:55:30+01:00;3506.52;1;;
mysql_mysql.mean;2020-02-22T17:55:30+01:00;3508.36;1;;
mysql_mysql.mean;2020-02-22T17:55:31+01:00;3510.2;1;;
mysql_mysql.mean;2020-02-22T17:55:31+01:00;3512.04;1;;
mysql_mysql.mean;2020-02-22T17:55:31+01:00;3513.88;1;;
mysql_mysql.mean;2020-02-22T17:55:31+01:00;3515.72;1;;
mysql_mysql.mean;2020-02-22T17:55:31+01:00;3517.56;1;;
mysql_mysql.mean;2020-02-22T17:55:32+01:00;3519.4;1;;
mysql_mysql.mean;2020-02-22T17:55:32+01:00;3521.24;1;;
mysql_mysql.mean;2020-02-22T17:55:32+01:00;3523.08;1;;
mysql_mysql.mean;2020-02-22T17:55:32+01:00;3524.92;1;;
mysql_mysql.mean;2020-02-22T17:55:32+01:00;3526.76;1;;
mysql_mysql.mean;2020-02-22T17:55:33+01:00;3528.6;1;;
mysql_mysql.mean;2020-02-22T17:55:33+01:00;3530.44;1;;
mysql_mysql.mean;2020-02-22T17:55:33+01:00;3532.28;1;;
mysql_mysql.mean;2020-02-22T17:55:33+01:00;3534.12;1;;
mysql_mysql.mean;2020-02-22T17:55:33+01:00;3535.96;1;;
mysql_mysql.mean;2020-02-22T17:55:34+01:00;3537.8;1;;
mysql_mysql.mean;2020-02-22T17:55:34+01:00;3539.64;1;;
mysql_mysql.mean;2020-02-22T17:55:34+01:00;3541.48;1;;
mysql_mysql.mean;2020-02-22T17:55:34+01:00;3543.32;1;;
mysql_mysql.mean;2020-02-22T17:55:34+01:00;3545.16;1;;
mysql_mysql.mean;2020-02-22T17:55:35+01:00;3547;1;;
mysql_mysql.mean;2020-02-22T17:55:35+01:00;3548.84;1;;
mysql_mysql.mean;2020-02-22T17:55:35+01:00;3550.68;1;;
mysql_mysql.mean;2020-02-22T17:55:35+01:00;3552.52;1;;
mysql_mysql.mean;2020-02-22T17:55:35+01:00;3554.36;1;;
mysql_mysql.mean;2020-02-22T17:55:36+01:00;3556.2;1;;
mysql_mysql.mean;2020-02-22T17:55:36+01:00;3558.04;1;;
mysql_mysql.mean;2020-02-22T17:55:36+01:00;3559.88;1;;
mysql_mysql.mean;2020-02-22T17:55:36+01:00;3561.72;1;;
mysql_mysql.mean;2020-02-22T17:55:36+01:00;3563.56;1;;
mysql_mysql.mean;2020-02-22T17:55:37+01:00;3565.4;1;;
mysql_mysql.mean;2020-02-22T17:55:37+01:00;3567.24;1;;
mysql_mysql.mean;2020-02-22T17:55:37+01:00;3569.08;1;;
mysql_mysql.mean;2020-02-22T17:55:37+01:00;3570.92;1;;
mysql_mysql.mean;2020-02-22T17:55:37+01:00;3572.76;1;;
mysql_mysql.mean;2020-02-22T17:55:38+01:00;3574.6;1;;
mysql_mysql.mean;2020-02-22T17:55:38+01:00;3576.44;1;;
mysql_mysql.mean;2020-02-22T17:55:38+01:00;3578.28;1;;
mysql_mysql.mean;2020-02-22T17:55:38+01:00;3580.12;1;;
mysql_mysql.mean;2020-02-22T17:55:38+01:00;3581.96;1;;
mysql_mysql.mean;2020-02-22T17:55:39+01:00;3583.8;1;;
mysql_mysql.mean;2020-02-22T17:55:39+01:00;3585.64;1;;
mysql_mysql.mean;2020-02-22T17:55:39+01:00;3587.48;1;;
mysql_mysql.mean;2020-02-22T17:55:39+01:00;3589.32;1;;
mysql_mysql.mean;2020-02-22T17:55:39+01:00;3591.16;1;;
mysql_mysql.mean;2020-02-22T17:55:40+01:00;3593;1;;
mysql_mysql.mean;2020-02-22T17:55:40+01:00;3594.84;1;;
mysql_mysql.mean;2020-02-22T17:55:40+01:00;3596.68;1;;
mysql_mysql.mean;2020-02-22T17:55:40+01:00;3598.52;1;;
mysql_mysql.mean;2020-02-22T17:55:40+01:00;3600.36;1;;
mysql_mysql.mean;2020-02-22T17:55:41+01:00;3602.2;1;;
mysql_mysql.mean;2020-02-22T17:55:41+01:00;3604.04;1;;
mysql_mysql.mean;2020-02-22T17:55:41+01:00;3605.88;1;;
mysql_mysql.mean;2020-02-22T17:55:41+01:00;3607.72;1;;
mysql_mysql.mean;2020-02-22T17:55:41+01:00;3609.56;1;;
mysql_mysql.mean;2020-02-22T17:55:42+01:00;3611.4;1;;
mysql_mysql.mean;2020-02-22T17:55:42+01:00;3613.24;1;;
mysql_mysql.mean;2020-02-22T17:55:42+01:00;3615.08;1;;
mysql_mysql.mean;2020-02-22T17:55:42+01:00;3616.92;1;;
mysql_mysql.mean;2020-02-22T17:55:42+01:00;3618.76;1;;
mysql_mysql.mean;2020-02-22T17:55:43+01:00;3620.6;1;;
mysql_mysql.mean;2020-02-22T17:55:43+01:00;3622.44;1;;
mysql_mysql.mean;2020-02-22T17:55:43+01:00;3624.28;1;;
mysql_mysql.mean;2020-02-22T17:55:43+01:00;3626.12;1;;
mysql_mysql.mean;2020-02-22T17:55:43+01:00;3627.96;1;;
mysql_mysql.mean;2020-02-22T17:55:44+01:00;3629.8;1;;
mysql_mysql.mean;2020-02-22T17:55:44+01:00;3631.64;1;;
mysql_mysql.mean;2020-02-22T17:55:44+01:00;3633.48;1;;
mysql_mysql.mean;2020-02-22T17:55:44+01:00;3635.32;1;;
mysql_mysql.mean;2020-02-22T17:55:44+01:00;3637.16;1;;
mysql_mysql.mean;2020-02-22T17:55:45+01:00;3639;1;;
mysql_mysql.mean;2020-02-22T17:55:45+01:00;3640.84;1;;
mysql_mysql.mean;2020-02-22T17:55:45+01:00;3642.68;1;;
mysql_mysql.mean;2020-02-22T17:55:45+01:00;3644.52;1;;
mysql_mysql.mean;2020-02-22T17:55:45+01:00;3646.36;1;;
mysql_mysql.mean;2020-02-22T17:55:46+01:00;3648.2;1;;
mysql_mysql.mean;2020-02-22T17:55:46+01:00;3650.04;1;;
mysql_mysql.mean;2020-02-22T17:55:46+01:00;3651.88;1;;
mysql_mysql.mean;2020-02-22T17:55:46+01:00;3653.72;1;;
mysql_mysql.mean;2020-02-22T17:55:46+01:00;3655.56;1;;
mysql_mysql.mean;2020-02-22T17:55:47+01:00;3657.4;1;;
mysql_mysql.mean;2020-02-22T17:55:47+01:00;3659.24;1;;
mysql_mysql.mean;2020-02-22T17:55:47+01:00;3661.08;1;;
mysql_mysql.mean;2020-02-22T17:55:47+01:00;3662.92;1;;
mysql_mysql.mean;2020-02-22T17:55:47+01:00;3664.76;1;;
mysql_mysql.mean;2020-02-22T17:55:48+01:00;3666.6;1;;
mysql_mysql.mean;2020-02-22T17:55:48+01:00;3668.44;1;;
mysql_mysql.mean;2020-02-22T17:55:48+01:00;3670.28;1;;
mysql_mysql.mean;2020-02-22T17:55:48+01:00;3672.12;1;;
mysql_mysql.mean;2020-02-22T17:55:48+01:00;3673.96;1;;
mysql_mysql.mean;2020-02-22T17:55:49+01:00;3675.8;1;;
mysql_mysql.mean;2020-02-22T17:55:49+01:00;3677.64;1;;
mysql_mysql.mean;2020-02-22T17:55:49+01:00;3679.48;1;;
mysql_mysql.mean;2020-02-22T17:55:49+01:00;3681.32;1;;
mysql_mysql.mean;2020-02-22T17:55:49+01:00;3683.16;1;;
mysql_mysql.mean;2020-02-22T17:55:50+01:00;3685;1;;
mysql_mysql.mean;2020-02-22T17:55:50+01:00;null;-1;;
mysql_mysql.mean;2020-02-22T17:55:50+01:00;null;-1;;
mysql_mysql.mean;2020-02-22T17:55:50+01:00;null;-1;;
mysql_mysql.mean;2020-02-22T17:55:50+01:00;null;-1;;
mysql_mysql.mean;2020-02-22T17:55:51+01:00;null;-1;;
mysql_mysql.mean;2020-02-22T17:55:51+01:00;null;-1;;
mysql_mysql.mean;2020-02-22T17:55:51+01:00;null;-1;;
mysql_mysql.mean;2020-02-22T17:55:51+01:00;null;-1;;
mysql_mysql.mean;2020-02-22T17:55:51+01:00;null;-1;;
mysql_mysql.mean;2020-02-22T17:55:52+01:00;null;-1;;
mysql_mysql.mean;2020-02-22T17:55:52+01:00;null;-1;;
mysql_mysql.mean;2020-02-22T17:55:52+01:00;null;-1;;
mysql_mysql.mean;2020-02-22T17:55:52+01:00;null;-1;;
mysql_mysql.mean;2020-02-22T17:55:52+01:00;null;-1;;
mysql_mysql.mean;2020-02-22T17:55:53+01:00;null;-1;;
mysql_mysql.mean;2020-02-22T17:55:53+01:00;null;-1;;
mysql_mysql.mean;2020-02-22T17:55:53+01:00;null;-1;;
mysql_mysql.mean;2020-02-22T17:55:53+01:00;null;-1;;
mysql_mysql.mean;2020-02-22T17:55:53+01:00;null;-1;;
mysql_mysql.mean;2020-02-22T17:55:54+01:00;null;-1;;
mysql_mysql.mean;2020-02-22T17:55:54+01:00;null;-1;;
mysql_mysql.mean;2020-02-22T17:55:54+01:00;null;-1;;
mysql_mysql.mean;2020-02-22T17:55:54+01:00;null;-1;;
mysql_mysql.mean;2020-02-22T17:55:54+01:00;null;-1;;
mysql_mysql.mean;2020-02-22T17:55:55+01:00;null;-1;;
mysql_mysql.mean;2020-02-22T17:55:55+01:00;null;-1;;
mysql_mysql.mean;2020-02-22T17:55:55+01:00;null;-1;;
mysql_mysql.mean;2020-02-22T17:55:55+01:00;null;-1;;
mysql_mysql.mean;2020-02-22T17:55:55+01:00;null;-1;;
mysql_mysql.mean;2020-02-22T17:55:56+01:00;null;-1;;
mysql_mysql.mean;2020-02-22T17:55:56+01:00;null;-1;;
mysql_mysql.mean;2020-02-22T17:55:56+01:00;null;-1;;
mysql_mysql.mean;2020-02-22T17:55:56+01:00;null;-1;;
mysql_mysql.mean;2020-02-22T17:55:56+01:00;null;-1;;
mysql_mysql.mean;2020-02-22T17:55:57+01:00;null;-1;;
mysql_mysql.mean;2020-02-22T17:55:57+01:00;null;-1;;
